{
  "method": "dual_ball_multi_pose",
  "refball_center_in_rigid_mm": [
    -33.51740422401229,
    12.100255314675977,
    -17.699792261606614
  ],
  "gelball_center_in_rigid_mm": [
    -43.47382768891848,
    -41.22508071829758,
    -35.7960391945282
  ],
  "gel_axis_in_rigid": [
    -0.17411894520453713,
    -0.9324875086795467,
    -0.31646427772731606
  ],
  "gel_distance_mm": 57.19086670954521,
  "depth_offset_mm": -5.0,
  "gel_center_in_rigid_mm": [
    -42.603232962895795,
    -36.56264317489985,
    -34.21371780589162
  ],
  "consistency": {
    "refball_mean_deviation_mm": 0.4971205477445346,
    "refball_max_deviation_mm": 0.6830937323295619,
    "refball_std_mm": [
      0.3822793790831837,
      0.14607220822214068,
      0.3370989262846435
    ],
    "gelball_mean_deviation_mm": 0.5311059103030308,
    "gelball_max_deviation_mm": 0.7146199631539334,
    "gelball_std_mm": [
      0.23387391401966107,
      0.402760954424785,
      0.30624407553769517
    ],
    "axis_max_angle_deg": 1.069223796324866,
    "ball_distance_std_mm": 0.09592190067940498
  },
  "mocap_scale": 1000.0,
  "raw_data": [
    {
      "pose_id": 0,
      "rigid_position_mm": [
        209.704,
        67.29599999999999,
        288.7
      ],
      "rigid_quaternion": [
        -0.03045,
        0.5291786,
        0.72056156,
        0.447052
      ],
      "refball_mocap_mm": [
        213.805,
        32.849000000000004,
        307.12899999999996
      ],
      "refball_rigid_mm": [
        -33.064365762599664,
        12.164420770736669,
        -17.37287066173849
      ],
      "gelball_mocap_mm": [
        247.768,
        13.639999999999999,
        265.48699999999997
      ],
      "gelball_rigid_mm": [
        -43.61612381039666,
        -40.65963065991089,
        -36.20919744147588
      ],
      "ball_distance_mm": 57.0659899940411,
      "axis_in_rigid": [
        -0.18490449475946746,
        -0.9256660830060691,
        -0.33007973368558585
      ]
    },
    {
      "pose_id": 1,
      "rigid_position_mm": [
        207.22,
        63.50699999999999,
        137.26
      ],
      "rigid_quaternion": [
        0.575241,
        0.53501,
        -0.513944,
        0.344559
      ],
      "refball_mocap_mm": [
        226.556,
        69.48400000000001,
        172.275
      ],
      "refball_rigid_mm": [
        -33.99941004902249,
        12.238224727792783,
        -18.163744708359914
      ],
      "gelball_mocap_mm": [
        179.374,
        93.761,
        193.90099999999998
      ],
      "gelball_rigid_mm": [
        -43.661251420623046,
        -41.44844032643957,
        -35.70194717225823
      ],
      "ball_distance_mm": 57.29919483727493,
      "axis_in_rigid": [
        -0.16862089247570416,
        -0.936953219093185,
        -0.3060811327926228
      ]
    },
    {
      "pose_id": 2,
      "rigid_position_mm": [
        261.399,
        57.67,
        194.732
      ],
      "rigid_quaternion": [
        -0.63276,
        0.187712,
        0.37411,
        0.65147
      ],
      "refball_mocap_mm": [
        235.038,
        31.395,
        208.37800000000001
      ],
      "refball_rigid_mm": [
        -33.48843686041472,
        11.898120445498478,
        -17.562761414721432
      ],
      "gelball_mocap_mm": [
        271.628,
        16.011,
        249.575
      ],
      "gelball_rigid_mm": [
        -43.14410783573577,
        -41.5671711685423,
        -35.4769729698505
      ],
      "ball_distance_mm": 57.2074152973196,
      "axis_in_rigid": [
        -0.16878355585789684,
        -0.9345867373341344,
        -0.3131449211964034
      ]
    }
  ]
}