{
  "description": "T_mocap_to_cam: maps OptiTrack (mm) -> camera frame (mm)",
  "T_mocap_to_cam": [
    [
      -0.6130009784418444,
      -0.3009440322366376,
      0.7305220666691019,
      -5.898761505178648
    ],
    [
      -0.353835847251936,
      -0.7221387404305575,
      -0.5944037624114389,
      205.21261318207047
    ],
    [
      0.7064205501178789,
      -0.6228549823438227,
      0.336186967832828,
      713.7576411170876
    ],
    [
      0.0,
      0.0,
      0.0,
      1.0
    ]
  ],
  "camera_serial": "104122062574",
  "intrinsics": {
    "fx": 608.4557495117188,
    "fy": 608.1494750976562,
    "ppx": 316.0635986328125,
    "ppy": 224.6374053955078,
    "width": 640,
    "height": 480
  },
  "mocap_scale": 1000.0,
  "num_points": 6,
  "rmse_mm": 12.718357627441598,
  "residuals_mm": [
    5.545815727860314,
    10.016446715008762,
    6.9667664894253765,
    7.940598099521596,
    25.296051911403403,
    9.37951340711747
  ],
  "points_cam_mm": [
    [
      -32.27043533325195,
      -140.55567932128906,
      1087.0
    ],
    [
      285.6182861328125,
      -106.86273956298828,
      848.0000610351562
    ],
    [
      127.12176513671875,
      -73.9451675415039,
      944.0000610351562
    ],
    [
      -84.07071685791016,
      5.330172061920166,
      964.0000610351562
    ],
    [
      -80.74586486816406,
      -237.45558166503906,
      1168.0
    ],
    [
      138.18594360351562,
      36.109615325927734,
      833.0000610351562
    ]
  ],
  "points_mocap_mm": [
    [
      396.89799999999997,
      23.456,
      311.662
    ],
    [
      36.506,
      53.684999999999995,
      442.49699999999996
    ],
    [
      185.708,
      15.188,
      342.923
    ],
    [
      301.67,
      11.235,
      150.672
    ],
    [
      498.80600000000004,
      59.893,
      355.269
    ],
    [
      63.592999999999996,
      9.618,
      245.667
    ]
  ],
  "created_at": "2026-03-20T17:03:50"
}