{
  "description": "T_mocap_to_cam: maps OptiTrack (mm) -> camera frame (mm)",
  "T_mocap_to_cam": [
    [
      0.996846754914137,
      -0.07754130088995988,
      -0.01684915052598265,
      -209.18460062442585
    ],
    [
      0.0050306790349285944,
      -0.15015346425434709,
      0.9886499023622396,
      -215.06237498904642
    ],
    [
      -0.07919115787511918,
      -0.9856172095842841,
      -0.14928990818433366,
      870.7092587471199
    ],
    [
      0.0,
      0.0,
      0.0,
      1.0
    ]
  ],
  "camera_serial": "217222066989",
  "intrinsics": {
    "fx": 609.06005859375,
    "fy": 608.275390625,
    "ppx": 332.47943115234375,
    "ppy": 239.3525390625,
    "width": 640,
    "height": 480
  },
  "mocap_scale": 1000.0,
  "num_points": 6,
  "rmse_mm": 8.975068918103531,
  "residuals_mm": [
    14.492853735122782,
    12.450750113510168,
    6.996338227235782,
    3.2973924211752683,
    7.285735550743988,
    2.311643754351707
  ],
  "points_cam_mm": [
    [
      -147.55699157714844,
      -56.94572067260742,
      799.0000610351562
    ],
    [
      -195.29957580566406,
      13.478343963623047,
      770.0000610351562
    ],
    [
      55.45637512207031,
      -71.18090057373047,
      742.0000610351562
    ],
    [
      -135.1114501953125,
      56.30001449584961,
      803.0000610351562
    ],
    [
      -41.71001434326172,
      -42.92217254638672,
      807.0000610351562
    ],
    [
      33.39781951904297,
      -4.227357387542725,
      767.0000610351562
    ]
  ],
  "points_mocap_mm": [
    [
      71.30799999999999,
      56.153,
      167.602
    ],
    [
      20.514,
      52.452,
      236.42499999999998
    ],
    [
      271.21099999999996,
      80.568,
      152.615
    ],
    [
      80.53699999999999,
      23.033,
      278.904
    ],
    [
      176.02100000000002,
      20.532,
      182.47299999999998
    ],
    [
      250.521,
      53.975,
      219.578
    ]
  ],
  "created_at": "2026-03-19T01:27:56"
}