{
  "description": "T_mocap_to_cam: maps OptiTrack (mm) -> camera frame (mm)",
  "T_mocap_to_cam": [
    [
      -0.655026149641231,
      0.25041494323578545,
      -0.712904691729829,
      450.63322214685263
    ],
    [
      0.4405072383092764,
      -0.6400115318232151,
      -0.6295542964117046,
      10.568882439697546
    ],
    [
      -0.6139170271977468,
      -0.7264142037002861,
      0.3089146943399764,
      1006.2214737955563
    ],
    [
      0.0,
      0.0,
      0.0,
      1.0
    ]
  ],
  "camera_serial": "143322063538",
  "intrinsics": {
    "fx": 608.547607421875,
    "fy": 606.7799072265625,
    "ppx": 314.88201904296875,
    "ppy": 243.41900634765625,
    "width": 640,
    "height": 480
  },
  "mocap_scale": 1000.0,
  "num_points": 6,
  "rmse_mm": 17.22348378543489,
  "residuals_mm": [
    14.918623935891931,
    8.013753038424209,
    23.89164235265098,
    21.646743124964917,
    19.306812056317188,
    8.997762518440576
  ],
  "points_cam_mm": [
    [
      -130.8415069580078,
      -4.237274169921875,
      752.0000610351562
    ],
    [
      173.1711883544922,
      -65.32515716552734,
      957.0000610351562
    ],
    [
      409.7225036621094,
      -193.80377197265625,
      1065.0
    ],
    [
      359.2045593261719,
      -230.6056671142578,
      1162.0
    ],
    [
      -78.4707260131836,
      69.84346771240234,
      736.0000610351562
    ],
    [
      101.46334075927734,
      -207.0940399169922,
      994.0000610351562
    ]
  ],
  "points_mocap_mm": [
    [
      518.948,
      56.064,
      339.488
    ],
    [
      170.981,
      12.291,
      231.20499999999998
    ],
    [
      -75.527,
      79.231,
      177.733
    ],
    [
      -120.546,
      20.374,
      267.28000000000003
    ],
    [
      519.548,
      22.655,
      255.95200000000003
    ],
    [
      133.173,
      55.535000000000004,
      383.755
    ]
  ],
  "created_at": "2026-03-20T17:29:55"
}