{
  "method": "dual_ball_multi_pose",
  "refball_center_in_rigid_mm": [
    -17.372443520938578,
    0.2688573520951536,
    38.571757518679924
  ],
  "gelball_center_in_rigid_mm": [
    3.1680846750991996,
    -53.986407194707084,
    47.297869103141956
  ],
  "gel_axis_in_rigid": [
    0.3501488269090003,
    -0.9248037787338816,
    0.148774224426762
  ],
  "gel_distance_mm": 58.67110647491247,
  "depth_offset_mm": 0.0,
  "gel_center_in_rigid_mm": [
    3.1680846750991996,
    -53.986407194707084,
    47.297869103141956
  ],
  "consistency": {
    "refball_mean_deviation_mm": 0.4043795279250868,
    "refball_max_deviation_mm": 0.5722584634835464,
    "refball_std_mm": [
      0.305325273790818,
      0.1894397197001601,
      0.23772566675184065
    ],
    "gelball_mean_deviation_mm": 0.7191394130923946,
    "gelball_max_deviation_mm": 1.044514511519201,
    "gelball_std_mm": [
      0.13210638866223554,
      0.258334234777561,
      0.7129747489275182
    ],
    "axis_max_angle_deg": 1.0670723640750364,
    "ball_distance_std_mm": 0.1918993038441838
  },
  "mocap_scale": 1000.0,
  "raw_data": [
    {
      "pose_id": 0,
      "rigid_position_mm": [
        308.47,
        92.09,
        161.42000000000002
      ],
      "rigid_quaternion": [
        0.0631,
        -0.18618,
        -0.33139,
        -0.92278
      ],
      "refball_mocap_mm": [
        307.62899999999996,
        91.333,
        203.91500000000002
      ],
      "refball_rigid_mm": [
        -17.42214690726894,
        0.24440448450872054,
        38.77517786663904
      ],
      "gelball_mocap_mm": [
        359.197,
        63.277,
        203.299
      ],
      "gelball_rigid_mm": [
        2.9816863949711774,
        -54.181252282163626,
        47.0400848891515
      ],
      "ball_distance_mm": 58.70926005324889,
      "axis_in_rigid": [
        0.3475402906412716,
        -0.927037007744752,
        0.14077688962552495
      ]
    },
    {
      "pose_id": 1,
      "rigid_position_mm": [
        353.27599999999995,
        105.303,
        229.32
      ],
      "rigid_quaternion": [
        -0.28615,
        -0.956937,
        0.017508,
        -0.045615
      ],
      "refball_mocap_mm": [
        371.03799999999995,
        93.362,
        192.52700000000002
      ],
      "refball_rigid_mm": [
        -17.719051737135942,
        0.05003692040386909,
        38.70185623252837
      ],
      "gelball_mocap_mm": [
        324.832,
        59.405,
        181.358
      ],
      "gelball_rigid_mm": [
        3.272234055436968,
        -53.6213442033486,
        48.27095310963361
      ],
      "ball_distance_mm": 58.419336233818946,
      "axis_in_rigid": [
        0.35932085411852144,
        -0.9187263085108816,
        0.163800164363485
      ]
    },
    {
      "pose_id": 2,
      "rigid_position_mm": [
        223.578,
        72.762,
        125.58900000000001
      ],
      "rigid_quaternion": [
        0.267991,
        -0.024821,
        -0.319484,
        -0.908567
      ],
      "refball_mocap_mm": [
        204.961,
        82.694,
        161.719
      ],
      "refball_rigid_mm": [
        -16.976131918410857,
        0.5121306513728712,
        38.23823845687237
      ],
      "gelball_mocap_mm": [
        252.446,
        62.707,
        190.23399999999998
      ],
      "gelball_rigid_mm": [
        3.250333574889453,
        -54.15662509860903,
        46.582569310640764
      ],
      "ball_distance_mm": 58.884723137669575,
      "axis_in_rigid": [
        0.3434925803423043,
        -0.9284030362538862,
        0.14170620848908067
      ]
    }
  ]
}